time,prop,ln(time)
1,0.84,0
5,0.71,1.609438
15,0.61,2.70805
30,0.56,3.401197
60,0.54,4.094345
120,0.47,4.787492
240,0.45,5.480639
480,0.38,6.173786
720,0.36,6.579251
1440,0.26,7.272398
2880,0.2,7.965546
5760,0.16,8.658693
10080,0.08,9.218309
